m,name,ra_deg,dec_deg,size_arcmin,mag,type
M1,Crab Nebula,83.63321,22.01447,8,8.40,SNR
M2,,323.36254,-0.82331,8.4,6.25,GCl
M3,,205.54679,28.37544,16.2,6.39,GCl
M4,,245.89750,-26.52553,28.2,5.40,GCl
M5,,229.64063,2.08269,15,5.95,GCl
M6,Butterfly Cluster,265.08646,-32.25417,15.6,4.20,OCl
M7,Ptolemy's Cluster,268.46325,-34.79283,22.2,3.30,OCl
M8,Lagoon Nebula,270.92196,-24.38017,45,5.80,Neb
M9,,259.79908,-18.51625,6.9,8.42,GCl
M10,,254.28746,-4.09933,9.3,4.98,GCl
M11,Amas de l'Ecu de Sobieski,282.77496,-6.27003,9,5.80,OCl
M12,,251.81050,-1.94783,11.1,6.07,GCl
M13,Hercules Globular Cluster,250.42346,36.46131,16.5,5.80,GCl
M14,,264.40067,-3.24592,9.9,5.73,GCl
M15,,322.49325,12.16683,11.1,6.30,GCl
M16,Eagle Nebula,274.70071,-13.80722,120,6.00,Neb
M17,Checkmark Nebula,275.19629,-16.17153,12.6,7.00,Neb
M18,,274.99371,-17.10197,6,6.90,OCl
M19,,255.65700,-26.26794,7.5,5.57,GCl
M20,Trifid Nebula,270.67546,-22.97189,28,8.50,Neb
M21,,271.05604,-22.49006,6,5.90,OCl
M22,,279.10083,-23.90342,12.6,6.17,GCl
M23,,269.26988,-18.98533,16.8,5.50,OCl
M24,Small Sgr Star Cloud,274.23383,-18.51456,120,4.50,*Ass
M25,,277.94488,-19.11494,14.1,4.60,OCl
M26,,281.32775,-9.38361,6,8.87,OCl
M27,Dumbbell Nebula,299.90158,22.72103,6.7,7.40,PN
M28,,276.13704,-24.86983,5.1,6.90,GCl
M29,,305.99071,38.50767,3.6,6.60,OCl
M30,,325.09175,-23.17908,9,7.10,GCl
M31,Andromeda Galaxy,10.68479,41.26906,178,3.44,G
M32,,10.67429,40.86528,7.74,8.13,G
M33,Triangulum Galaxy,23.46204,30.66022,62.1,5.79,G
M34,,40.53083,42.74614,22.5,5.20,OCl
M35,,92.27108,24.33864,24,5.10,OCl
M36,,84.07392,34.14075,7.2,6.00,OCl
M37,,88.07646,32.55300,11.4,5.60,OCl
M38,,82.17704,35.85492,9.6,6.40,OCl
M39,,322.95133,48.43817,19.5,4.60,OCl
M40,Winnecke 4,185.55208,58.08306,0.8,8.40,**
M41,,101.49975,-20.75422,12,4.50,OCl
M42,Great Orion Nebula,83.81867,-5.38967,90,4.00,Cl+N
M43,Mairan's Nebula,83.88075,-5.26747,20,9.00,HII
M44,Beehive,130.09250,19.67206,109,3.10,OCl
M45,Pleiades,56.85000,24.11667,110,1.60,OCl
M46,,115.44508,-14.81000,21,6.10,OCl
M47,,114.14592,-14.48261,19.8,4.40,OCl
M48,,123.42992,-5.75044,28.2,5.80,OCl
M49,,187.44483,8.00047,10.2,8.28,G
M50,,105.66863,-8.36403,14.1,5.90,OCl
M51,Whirlpool Galaxy,202.46962,47.19517,13.7,8.36,G
M52,,351.20167,61.59317,9.9,6.90,OCl
M53,,198.23012,18.16911,9,7.79,GCl
M54,,283.76363,-30.47850,5.1,7.70,GCl
M55,,294.99750,-30.96208,12,6.49,GCl
M56,,289.14796,30.18450,5.8,8.40,GCl
M57,Ring Nebula,283.39587,33.02858,1.27,8.80,PN
M58,,189.43133,11.81819,5.01,10.30,G
M59,,190.50933,11.64703,4.55,9.56,G
M60,,190.91658,11.55269,6.78,8.79,G
M61,,185.47875,4.47364,6.89,10.25,G
M62,,255.30250,-30.11236,7.8,7.39,GCl
M63,Sunflower Galaxy,198.95554,42.02928,11.8,8.61,G
M64,Black Eye Galaxy,194.18183,21.68297,10.5,8.52,G
M65,,169.73300,13.09236,7.64,9.32,G
M66,,170.06233,12.99153,10.3,8.92,G
M67,,132.83388,11.81194,33,6.90,OCl
M68,,189.86671,-26.74303,6.6,7.96,GCl
M69,,277.84679,-32.34797,5.7,8.31,GCl
M70,,280.80267,-32.29189,6.6,9.06,GCl
M71,,298.44212,18.77839,6.9,6.10,GCl
M72,,313.36629,-12.53706,4.5,8.96,GCl
M73,,314.73321,-12.63550,,8.90,Other
M74,,24.17396,15.78367,9.89,9.31,G
M75,,301.52017,-21.92222,3.6,8.26,GCl
M76,Barbell Nebula,25.58204,51.57547,1.12,10.10,PN
M77,,40.66963,-0.01328,6.11,9.29,G
M78,,86.69092,0.07931,4.5,8.00,RfN
M79,,81.04413,-24.52422,7.2,8.16,GCl
M80,,244.26046,-22.97511,5.7,7.30,GCl
M81,Bode's Galaxy,148.88821,69.06531,21.6,6.92,G
M82,Cigar Galaxy,148.96971,69.67939,11,8.30,G
M83,Southern Pinwheel Galaxy,204.25396,-29.86542,13.6,7.21,G
M84,,186.26558,12.88697,7.41,9.79,G
M85,,186.35046,18.19150,6.95,9.05,G
M86,,186.54892,12.94622,11.5,8.86,G
M87,Virgo Galaxy,187.70592,12.39111,7.11,9.00,G
M88,,187.99650,14.42039,8.65,10.33,G
M89,,188.91587,12.55633,8.13,10.08,G
M90,,189.20746,13.16294,9.12,9.54,G
M91,,188.86021,14.49633,5.55,10.96,G
M92,,259.28029,43.13653,14.4,6.52,GCl
M93,,116.12179,-23.85308,15,6.20,OCl
M94,,192.72108,41.12044,7.74,8.24,G
M95,,160.99042,11.70381,7.23,9.77,G
M96,,161.69058,11.81994,8.26,9.21,G
M97,Owl Nebula,168.69879,55.01903,3.58,9.90,PN
M98,,183.45121,14.90033,11,10.84,G
M99,Coma Pinwheel,184.70667,14.41650,5.04,9.84,G
M100,,185.72846,15.82181,6.1,9.47,G
M101,,210.80225,54.34894,24,7.90,G
M102,Spindle Galaxy,226.62292,55.76333,4.7,9.90,G
M103,,23.34088,60.65800,4.5,7.40,OCl
M104,Sombrero Galaxy,189.99762,-11.62306,8.45,8.59,G
M105,,161.95663,12.58161,4.89,9.27,G
M106,,184.73958,47.30397,17,9.29,G
M107,,248.13300,-13.05364,7.8,8.85,GCl
M108,,167.87904,55.67411,3.98,10.05,G
M109,,179.39992,53.37453,8.07,9.88,G
M110,,10.09200,41.68531,16.2,8.15,G
